strain	virus	gisaid_epi_isl	genbank_accession	date	region	country	division	location	region_exposure	country_exposure	division_exposure	segment	length	host	age	sex	Nextstrain_clade	pangolin_lineage	GISAID_clade	originating_lab	submitting_lab	authors	url	title	paper_url	date_submitted	purpose_of_sequencing
hCoV-19/Australia/QLD0x0144E6/2024	betacoronavirus	EPI_ISL_19187988	?	2024-05-22	Oceania	Australia	Queensland		Oceania	Australia	Queensland	genome	29721	Human	unknown	unknown	?	KP.3.2	GRA	Pathology Queensland and Forensic Scientific Services	Public Health Virology - Forensic and Scientific Services (PHV-FSS)	Mitchell Sullivan on behalf of Q-PHIRE Genomics	https://www.gisaid.org/	?	?	2024-06-10	?
hCoV-19/Australia/QLD0x0144CB/2024	betacoronavirus	EPI_ISL_19187989	?	2024-05-18	Oceania	Australia	Queensland		Oceania	Australia	Queensland	genome	29721	Human	unknown	unknown	?	KP.3.3	GRA	Pathology Queensland and Forensic Scientific Services	Public Health Virology - Forensic and Scientific Services (PHV-FSS)	Mitchell Sullivan on behalf of Q-PHIRE Genomics	https://www.gisaid.org/	?	?	2024-06-10	?
hCoV-19/Australia/QLD0x0144E7/2024	betacoronavirus	EPI_ISL_19187990	?	2024-05-21	Oceania	Australia	Queensland		Oceania	Australia	Queensland	genome	29722	Human	unknown	unknown	?	KP.3.2	GRA	Pathology Queensland and Forensic Scientific Services	Public Health Virology - Forensic and Scientific Services (PHV-FSS)	Mitchell Sullivan on behalf of Q-PHIRE Genomics	https://www.gisaid.org/	?	?	2024-06-10	?
hCoV-19/Australia/QLD0x0144CC/2024	betacoronavirus	EPI_ISL_19187991	?	2024-05-18	Oceania	Australia	Queensland		Oceania	Australia	Queensland	genome	29718	Human	unknown	unknown	?	KP.1.1.3	GRA	Pathology Queensland and Forensic Scientific Services	Public Health Virology - Forensic and Scientific Services (PHV-FSS)	Mitchell Sullivan on behalf of Q-PHIRE Genomics	https://www.gisaid.org/	?	?	2024-06-10	?
hCoV-19/Australia/QLD0x0144E8/2024	betacoronavirus	EPI_ISL_19187992	?	2024-05-22	Oceania	Australia	Queensland		Oceania	Australia	Queensland	genome	29698	Human	unknown	unknown	?	KP.3.1	GRA	Pathology Queensland and Forensic Scientific Services	Public Health Virology - Forensic and Scientific Services (PHV-FSS)	Mitchell Sullivan on behalf of Q-PHIRE Genomics	https://www.gisaid.org/	?	?	2024-06-10	?
hCoV-19/Australia/QLD0x0144CD/2024	betacoronavirus	EPI_ISL_19187993	?	2024-05-18	Oceania	Australia	Queensland		Oceania	Australia	Queensland	genome	29717	Human	unknown	unknown	?	JN.1.18.3	GRA	Pathology Queensland and Forensic Scientific Services	Public Health Virology - Forensic and Scientific Services (PHV-FSS)	Mitchell Sullivan on behalf of Q-PHIRE Genomics	https://www.gisaid.org/	?	?	2024-06-10	?
hCoV-19/Australia/QLD0x0144E9/2024	betacoronavirus	EPI_ISL_19187994	?	2024-05-22	Oceania	Australia	Queensland		Oceania	Australia	Queensland	genome	29709	Human	unknown	unknown	?	LB.1	GRA	Pathology Queensland and Forensic Scientific Services	Public Health Virology - Forensic and Scientific Services (PHV-FSS)	Mitchell Sullivan on behalf of Q-PHIRE Genomics	https://www.gisaid.org/	?	?	2024-06-10	?
hCoV-19/Australia/QLD0x0144CE/2024	betacoronavirus	EPI_ISL_19187995	?	2024-05-17	Oceania	Australia	Queensland		Oceania	Australia	Queensland	genome	29717	Human	unknown	unknown	?	JN.1.18.3	GRA	Pathology Queensland and Forensic Scientific Services	Public Health Virology - Forensic and Scientific Services (PHV-FSS)	Mitchell Sullivan on behalf of Q-PHIRE Genomics	https://www.gisaid.org/	?	?	2024-06-10	?
hCoV-19/Australia/QLD0x0144CF/2024	betacoronavirus	EPI_ISL_19187996	?	2024-05-19	Oceania	Australia	Queensland		Oceania	Australia	Queensland	genome	29724	Human	unknown	unknown	?	JN.1.11	GRA	Pathology Queensland and Forensic Scientific Services	Public Health Virology - Forensic and Scientific Services (PHV-FSS)	Mitchell Sullivan on behalf of Q-PHIRE Genomics	https://www.gisaid.org/	?	?	2024-06-10	?
hCoV-19/Australia/QLD0x014500/2024	betacoronavirus	EPI_ISL_19187997	?	2024-05-19	Oceania	Australia	Queensland		Oceania	Australia	Queensland	genome	29721	Human	unknown	unknown	?	KP.3.1	GRA	Pathology Queensland and Forensic Scientific Services	Public Health Virology - Forensic and Scientific Services (PHV-FSS)	Mitchell Sullivan on behalf of Q-PHIRE Genomics	https://www.gisaid.org/	?	?	2024-06-10	?
hCoV-19/Australia/QLD0x014501/2024	betacoronavirus	EPI_ISL_19187998	?	2024-05-19	Oceania	Australia	Queensland		Oceania	Australia	Queensland	genome	29719	Human	unknown	unknown	?	KP.2	GRA	Pathology Queensland and Forensic Scientific Services	Public Health Virology - Forensic and Scientific Services (PHV-FSS)	Mitchell Sullivan on behalf of Q-PHIRE Genomics	https://www.gisaid.org/	?	?	2024-06-10	?
hCoV-19/Australia/QLD0x014502/2024	betacoronavirus	EPI_ISL_19187999	?	2024-05-19	Oceania	Australia	Queensland		Oceania	Australia	Queensland	genome	29721	Human	unknown	unknown	?	KP.3	GRA	Pathology Queensland and Forensic Scientific Services	Public Health Virology - Forensic and Scientific Services (PHV-FSS)	Mitchell Sullivan on behalf of Q-PHIRE Genomics	https://www.gisaid.org/	?	?	2024-06-10	?
hCoV-19/Australia/QLD0x014503/2024	betacoronavirus	EPI_ISL_19188000	?	2024-05-18	Oceania	Australia	Queensland		Oceania	Australia	Queensland	genome	29721	Human	unknown	unknown	?	KP.3.2	GRA	Pathology Queensland and Forensic Scientific Services	Public Health Virology - Forensic and Scientific Services (PHV-FSS)	Mitchell Sullivan on behalf of Q-PHIRE Genomics	https://www.gisaid.org/	?	?	2024-06-10	?
hCoV-19/Australia/QLD0x014504/2024	betacoronavirus	EPI_ISL_19188001	?	2024-05-19	Oceania	Australia	Queensland		Oceania	Australia	Queensland	genome	29721	Human	unknown	unknown	?	KP.1.1	GRA	Pathology Queensland and Forensic Scientific Services	Public Health Virology - Forensic and Scientific Services (PHV-FSS)	Mitchell Sullivan on behalf of Q-PHIRE Genomics	https://www.gisaid.org/	?	?	2024-06-10	?
hCoV-19/Australia/QLD0x014505/2024	betacoronavirus	EPI_ISL_19188002	?	2024-05-18	Oceania	Australia	Queensland		Oceania	Australia	Queensland	genome	29694	Human	unknown	unknown	?	KP.3.2	GRA	Pathology Queensland and Forensic Scientific Services	Public Health Virology - Forensic and Scientific Services (PHV-FSS)	Mitchell Sullivan on behalf of Q-PHIRE Genomics	https://www.gisaid.org/	?	?	2024-06-10	?
hCoV-19/Australia/QLD0x014506/2024	betacoronavirus	EPI_ISL_19188003	?	2024-05-16	Oceania	Australia	Queensland		Oceania	Australia	Queensland	genome	29721	Human	unknown	unknown	?	KW.1	GRA	Pathology Queensland and Forensic Scientific Services	Public Health Virology - Forensic and Scientific Services (PHV-FSS)	Mitchell Sullivan on behalf of Q-PHIRE Genomics	https://www.gisaid.org/	?	?	2024-06-10	?
hCoV-19/Australia/QLD0x0144EA/2024	betacoronavirus	EPI_ISL_19188004	?	2024-05-20	Oceania	Australia	Queensland		Oceania	Australia	Queensland	genome	29721	Human	unknown	unknown	?	JN.1	GRA	Pathology Queensland and Forensic Scientific Services	Public Health Virology - Forensic and Scientific Services (PHV-FSS)	Mitchell Sullivan on behalf of Q-PHIRE Genomics	https://www.gisaid.org/	?	?	2024-06-10	?
hCoV-19/Australia/QLD0x014507/2024	betacoronavirus	EPI_ISL_19188005	?	2024-05-18	Oceania	Australia	Queensland		Oceania	Australia	Queensland	genome	29721	Human	unknown	unknown	?	KP.3.3	GRA	Pathology Queensland and Forensic Scientific Services	Public Health Virology - Forensic and Scientific Services (PHV-FSS)	Mitchell Sullivan on behalf of Q-PHIRE Genomics	https://www.gisaid.org/	?	?	2024-06-10	?
hCoV-19/Australia/QLD0x014508/2024	betacoronavirus	EPI_ISL_19188006	?	2024-05-19	Oceania	Australia	Queensland		Oceania	Australia	Queensland	genome	29721	Human	unknown	unknown	?	JN.1.11	GRA	Pathology Queensland and Forensic Scientific Services	Public Health Virology - Forensic and Scientific Services (PHV-FSS)	Mitchell Sullivan on behalf of Q-PHIRE Genomics	https://www.gisaid.org/	?	?	2024-06-10	?
hCoV-19/Australia/QLD0x0144EB/2024	betacoronavirus	EPI_ISL_19188007	?	2024-05-18	Oceania	Australia	Queensland		Oceania	Australia	Queensland	genome	29721	Human	unknown	unknown	?	JN.1.11	GRA	Pathology Queensland and Forensic Scientific Services	Public Health Virology - Forensic and Scientific Services (PHV-FSS)	Mitchell Sullivan on behalf of Q-PHIRE Genomics	https://www.gisaid.org/	?	?	2024-06-10	?
hCoV-19/Australia/QLD0x0144D0/2024	betacoronavirus	EPI_ISL_19188008	?	2024-05-22	Oceania	Australia	Queensland		Oceania	Australia	Queensland	genome	29721	Human	unknown	unknown	?	KW.1.1.1	GRA	Pathology Queensland and Forensic Scientific Services	Public Health Virology - Forensic and Scientific Services (PHV-FSS)	Mitchell Sullivan on behalf of Q-PHIRE Genomics	https://www.gisaid.org/	?	?	2024-06-10	?
hCoV-19/Australia/QLD0x0144EC/2024	betacoronavirus	EPI_ISL_19188009	?	2024-05-17	Oceania	Australia	Queensland		Oceania	Australia	Queensland	genome	29721	Human	unknown	unknown	?	JN.1	GRA	Pathology Queensland and Forensic Scientific Services	Public Health Virology - Forensic and Scientific Services (PHV-FSS)	Mitchell Sullivan on behalf of Q-PHIRE Genomics	https://www.gisaid.org/	?	?	2024-06-10	?
hCoV-19/Australia/QLD0x014509/2024	betacoronavirus	EPI_ISL_19188010	?	2024-05-17	Oceania	Australia	Queensland		Oceania	Australia	Queensland	genome	29721	Human	unknown	unknown	?	JN.1.9.2	GRA	Pathology Queensland and Forensic Scientific Services	Public Health Virology - Forensic and Scientific Services (PHV-FSS)	Mitchell Sullivan on behalf of Q-PHIRE Genomics	https://www.gisaid.org/	?	?	2024-06-10	?
hCoV-19/Australia/QLD0x0144D1/2024	betacoronavirus	EPI_ISL_19188011	?	2024-05-22	Oceania	Australia	Queensland		Oceania	Australia	Queensland	genome	29718	Human	unknown	unknown	?	KP.3.2	GRA	Pathology Queensland and Forensic Scientific Services	Public Health Virology - Forensic and Scientific Services (PHV-FSS)	Mitchell Sullivan on behalf of Q-PHIRE Genomics	https://www.gisaid.org/	?	?	2024-06-10	?
hCoV-19/Australia/QLD0x0144ED/2024	betacoronavirus	EPI_ISL_19188012	?	2024-05-22	Oceania	Australia	Queensland		Oceania	Australia	Queensland	genome	29718	Human	unknown	unknown	?	LB.1	GRA	Pathology Queensland and Forensic Scientific Services	Public Health Virology - Forensic and Scientific Services (PHV-FSS)	Mitchell Sullivan on behalf of Q-PHIRE Genomics	https://www.gisaid.org/	?	?	2024-06-10	?
hCoV-19/Australia/QLD0x0144D2/2024	betacoronavirus	EPI_ISL_19188013	?	2024-05-17	Oceania	Australia	Queensland		Oceania	Australia	Queensland	genome	29721	Human	unknown	unknown	?	XDQ.1	GRA	Pathology Queensland and Forensic Scientific Services	Public Health Virology - Forensic and Scientific Services (PHV-FSS)	Mitchell Sullivan on behalf of Q-PHIRE Genomics	https://www.gisaid.org/	?	?	2024-06-10	?
hCoV-19/Australia/QLD0x0144EE/2024	betacoronavirus	EPI_ISL_19188014	?	2024-05-20	Oceania	Australia	Queensland		Oceania	Australia	Queensland	genome	29721	Human	unknown	unknown	?	JN.1.4	GRA	Pathology Queensland and Forensic Scientific Services	Public Health Virology - Forensic and Scientific Services (PHV-FSS)	Mitchell Sullivan on behalf of Q-PHIRE Genomics	https://www.gisaid.org/	?	?	2024-06-10	?
hCoV-19/Australia/QLD0x0144D3/2024	betacoronavirus	EPI_ISL_19188015	?	2024-05-23	Oceania	Australia	Queensland		Oceania	Australia	Queensland	genome	29725	Human	unknown	unknown	?	KP.2	GRA	Pathology Queensland and Forensic Scientific Services	Public Health Virology - Forensic and Scientific Services (PHV-FSS)	Mitchell Sullivan on behalf of Q-PHIRE Genomics	https://www.gisaid.org/	?	?	2024-06-10	?
hCoV-19/Australia/QLD0x0144EF/2024	betacoronavirus	EPI_ISL_19188016	?	2024-05-17	Oceania	Australia	Queensland		Oceania	Australia	Queensland	genome	29698	Human	unknown	unknown	?	KP.3.1	GRA	Pathology Queensland and Forensic Scientific Services	Public Health Virology - Forensic and Scientific Services (PHV-FSS)	Mitchell Sullivan on behalf of Q-PHIRE Genomics	https://www.gisaid.org/	?	?	2024-06-10	?
hCoV-19/Australia/QLD0x0144D4/2024	betacoronavirus	EPI_ISL_19188017	?	2024-05-22	Oceania	Australia	Queensland		Oceania	Australia	Queensland	genome	29717	Human	unknown	unknown	?	KP.3.1	GRA	Pathology Queensland and Forensic Scientific Services	Public Health Virology - Forensic and Scientific Services (PHV-FSS)	Mitchell Sullivan on behalf of Q-PHIRE Genomics	https://www.gisaid.org/	?	?	2024-06-10	?
hCoV-19/Australia/QLD0x0144D5/2024	betacoronavirus	EPI_ISL_19188018	?	2024-05-17	Oceania	Australia	Queensland		Oceania	Australia	Queensland	genome	29721	Human	unknown	unknown	?	KR.1	GRA	Pathology Queensland and Forensic Scientific Services	Public Health Virology - Forensic and Scientific Services (PHV-FSS)	Mitchell Sullivan on behalf of Q-PHIRE Genomics	https://www.gisaid.org/	?	?	2024-06-10	?
hCoV-19/Australia/QLD0x0144D6/2024	betacoronavirus	EPI_ISL_19188019	?	2024-05-18	Oceania	Australia	Queensland		Oceania	Australia	Queensland	genome	29721	Human	unknown	unknown	?	KP.2.9	GRA	Pathology Queensland and Forensic Scientific Services	Public Health Virology - Forensic and Scientific Services (PHV-FSS)	Mitchell Sullivan on behalf of Q-PHIRE Genomics	https://www.gisaid.org/	?	?	2024-06-10	?
hCoV-19/Australia/QLD0x0144D7/2024	betacoronavirus	EPI_ISL_19188020	?	2024-05-20	Oceania	Australia	Queensland		Oceania	Australia	Queensland	genome	29721	Human	unknown	unknown	?	KP.3.1	GRA	Pathology Queensland and Forensic Scientific Services	Public Health Virology - Forensic and Scientific Services (PHV-FSS)	Mitchell Sullivan on behalf of Q-PHIRE Genomics	https://www.gisaid.org/	?	?	2024-06-10	?
hCoV-19/Australia/QLD0x01450A/2024	betacoronavirus	EPI_ISL_19188021	?	2024-05-18	Oceania	Australia	Queensland		Oceania	Australia	Queensland	genome	29721	Human	unknown	unknown	?	JN.1.16.1	GRA	Pathology Queensland and Forensic Scientific Services	Public Health Virology - Forensic and Scientific Services (PHV-FSS)	Mitchell Sullivan on behalf of Q-PHIRE Genomics	https://www.gisaid.org/	?	?	2024-06-10	?
hCoV-19/Australia/QLD0x0144D8/2024	betacoronavirus	EPI_ISL_19188022	?	2024-05-22	Oceania	Australia	Queensland		Oceania	Australia	Queensland	genome	29721	Human	unknown	unknown	?	KP.3	GRA	Pathology Queensland and Forensic Scientific Services	Public Health Virology - Forensic and Scientific Services (PHV-FSS)	Mitchell Sullivan on behalf of Q-PHIRE Genomics	https://www.gisaid.org/	?	?	2024-06-10	?
hCoV-19/Australia/QLD0x01450B/2024	betacoronavirus	EPI_ISL_19188023	?	2024-05-17	Oceania	Australia	Queensland		Oceania	Australia	Queensland	genome	29721	Human	unknown	unknown	?	JN.1.11	GRA	Pathology Queensland and Forensic Scientific Services	Public Health Virology - Forensic and Scientific Services (PHV-FSS)	Mitchell Sullivan on behalf of Q-PHIRE Genomics	https://www.gisaid.org/	?	?	2024-06-10	?
hCoV-19/Australia/QLD0x0144D9/2024	betacoronavirus	EPI_ISL_19188024	?	2024-05-21	Oceania	Australia	Queensland		Oceania	Australia	Queensland	genome	29721	Human	unknown	unknown	?	KW.1.1	GRA	Pathology Queensland and Forensic Scientific Services	Public Health Virology - Forensic and Scientific Services (PHV-FSS)	Mitchell Sullivan on behalf of Q-PHIRE Genomics	https://www.gisaid.org/	?	?	2024-06-10	?
hCoV-19/Australia/QLD0x0144BF/2024	betacoronavirus	EPI_ISL_19188025	?	2024-05-21	Oceania	Australia	Queensland		Oceania	Australia	Queensland	genome	29721	Human	unknown	unknown	?	KW.1.1	GRA	Pathology Queensland and Forensic Scientific Services	Public Health Virology - Forensic and Scientific Services (PHV-FSS)	Mitchell Sullivan on behalf of Q-PHIRE Genomics	https://www.gisaid.org/	?	?	2024-06-10	?
hCoV-19/Australia/QLD0x01450D/2024	betacoronavirus	EPI_ISL_19188026	?	2024-05-19	Oceania	Australia	Queensland		Oceania	Australia	Queensland	genome	29724	Human	unknown	unknown	?	JN.1.11	GRA	Mater Pathology, Mater Hospital Brisbane	Public Health Virology - Forensic and Scientific Services (PHV-FSS)	Mitchell Sullivan on behalf of Q-PHIRE Genomics	https://www.gisaid.org/	?	?	2024-06-10	?
hCoV-19/Australia/QLD0x0144F0/2024	betacoronavirus	EPI_ISL_19188027	?	2024-05-18	Oceania	Australia	Queensland		Oceania	Australia	Queensland	genome	29724	Human	unknown	unknown	?	KP.3.2.1	GRA	Pathology Queensland and Forensic Scientific Services	Public Health Virology - Forensic and Scientific Services (PHV-FSS)	Mitchell Sullivan on behalf of Q-PHIRE Genomics	https://www.gisaid.org/	?	?	2024-06-10	?
hCoV-19/Australia/QLD0x01450E/2024	betacoronavirus	EPI_ISL_19188028	?	2024-05-14	Oceania	Australia	Queensland		Oceania	Australia	Queensland	genome	29721	Human	unknown	unknown	?	KS.1	GRA	Mater Pathology, Mater Hospital Brisbane	Public Health Virology - Forensic and Scientific Services (PHV-FSS)	Mitchell Sullivan on behalf of Q-PHIRE Genomics	https://www.gisaid.org/	?	?	2024-06-10	?
hCoV-19/Australia/QLD0x01450F/2024	betacoronavirus	EPI_ISL_19188029	?	2024-05-15	Oceania	Australia	Queensland		Oceania	Australia	Queensland	genome	29721	Human	unknown	unknown	?	JN.1.1.8	GRA	Mater Pathology, Mater Hospital Brisbane	Public Health Virology - Forensic and Scientific Services (PHV-FSS)	Mitchell Sullivan on behalf of Q-PHIRE Genomics	https://www.gisaid.org/	?	?	2024-06-10	?
hCoV-19/Australia/QLD0x0144F1/2024	betacoronavirus	EPI_ISL_19188030	?	2024-05-21	Oceania	Australia	Queensland		Oceania	Australia	Queensland	genome	29725	Human	unknown	unknown	?	KP.2.3	GRA	Pathology Queensland and Forensic Scientific Services	Public Health Virology - Forensic and Scientific Services (PHV-FSS)	Mitchell Sullivan on behalf of Q-PHIRE Genomics	https://www.gisaid.org/	?	?	2024-06-10	?
hCoV-19/Australia/QLD0x0144F2/2024	betacoronavirus	EPI_ISL_19188031	?	2024-05-17	Oceania	Australia	Queensland		Oceania	Australia	Queensland	genome	29723	Human	unknown	unknown	?	JN.1	GRA	Pathology Queensland and Forensic Scientific Services	Public Health Virology - Forensic and Scientific Services (PHV-FSS)	Mitchell Sullivan on behalf of Q-PHIRE Genomics	https://www.gisaid.org/	?	?	2024-06-10	?
hCoV-19/Australia/QLD0x0144F3/2024	betacoronavirus	EPI_ISL_19188032	?	2024-05-22	Oceania	Australia	Queensland		Oceania	Australia	Queensland	genome	29721	Human	unknown	unknown	?	KP.1.1	GRA	Pathology Queensland and Forensic Scientific Services	Public Health Virology - Forensic and Scientific Services (PHV-FSS)	Mitchell Sullivan on behalf of Q-PHIRE Genomics	https://www.gisaid.org/	?	?	2024-06-10	?
hCoV-19/Australia/QLD0x0144F4/2024	betacoronavirus	EPI_ISL_19188033	?	2024-05-20	Oceania	Australia	Queensland		Oceania	Australia	Queensland	genome	29721	Human	unknown	unknown	?	XDQ.1	GRA	Pathology Queensland and Forensic Scientific Services	Public Health Virology - Forensic and Scientific Services (PHV-FSS)	Mitchell Sullivan on behalf of Q-PHIRE Genomics	https://www.gisaid.org/	?	?	2024-06-10	?
hCoV-19/Australia/QLD0x0144DA/2024	betacoronavirus	EPI_ISL_19188034	?	2024-05-17	Oceania	Australia	Queensland		Oceania	Australia	Queensland	genome	29721	Human	unknown	unknown	?	KP.3.1	GRA	Pathology Queensland and Forensic Scientific Services	Public Health Virology - Forensic and Scientific Services (PHV-FSS)	Mitchell Sullivan on behalf of Q-PHIRE Genomics	https://www.gisaid.org/	?	?	2024-06-10	?
hCoV-19/Australia/QLD0x0144F5/2024	betacoronavirus	EPI_ISL_19188035	?	2024-05-17	Oceania	Australia	Queensland		Oceania	Australia	Queensland	genome	29721	Human	unknown	unknown	?	KP.3.2	GRA	Pathology Queensland and Forensic Scientific Services	Public Health Virology - Forensic and Scientific Services (PHV-FSS)	Mitchell Sullivan on behalf of Q-PHIRE Genomics	https://www.gisaid.org/	?	?	2024-06-10	?
hCoV-19/Australia/QLD0x0144F6/2024	betacoronavirus	EPI_ISL_19188036	?	2024-05-17	Oceania	Australia	Queensland		Oceania	Australia	Queensland	genome	29721	Human	unknown	unknown	?	KP.1.1	GRA	Pathology Queensland and Forensic Scientific Services	Public Health Virology - Forensic and Scientific Services (PHV-FSS)	Mitchell Sullivan on behalf of Q-PHIRE Genomics	https://www.gisaid.org/	?	?	2024-06-10	?
hCoV-19/Australia/QLD0x0144DB/2024	betacoronavirus	EPI_ISL_19188037	?	2024-05-16	Oceania	Australia	Queensland		Oceania	Australia	Queensland	genome	29721	Human	unknown	unknown	?	XDQ.1	GRA	Pathology Queensland and Forensic Scientific Services	Public Health Virology - Forensic and Scientific Services (PHV-FSS)	Mitchell Sullivan on behalf of Q-PHIRE Genomics	https://www.gisaid.org/	?	?	2024-06-10	?
hCoV-19/Australia/QLD0x0144F7/2024	betacoronavirus	EPI_ISL_19188038	?	2024-05-20	Oceania	Australia	Queensland		Oceania	Australia	Queensland	genome	29698	Human	unknown	unknown	?	KP.3.1	GRA	Pathology Queensland and Forensic Scientific Services	Public Health Virology - Forensic and Scientific Services (PHV-FSS)	Mitchell Sullivan on behalf of Q-PHIRE Genomics	https://www.gisaid.org/	?	?	2024-06-10	?
hCoV-19/Australia/QLD0x0144C0/2024	betacoronavirus	EPI_ISL_19188039	?	2024-05-20	Oceania	Australia	Queensland		Oceania	Australia	Queensland	genome	29721	Human	unknown	unknown	?	KP.1.1.1	GRA	Pathology Queensland and Forensic Scientific Services	Public Health Virology - Forensic and Scientific Services (PHV-FSS)	Mitchell Sullivan on behalf of Q-PHIRE Genomics	https://www.gisaid.org/	?	?	2024-06-10	?
hCoV-19/Australia/QLD0x0144DC/2024	betacoronavirus	EPI_ISL_19188040	?	2024-05-17	Oceania	Australia	Queensland		Oceania	Australia	Queensland	genome	29724	Human	unknown	unknown	?	XDQ.1	GRA	Pathology Queensland and Forensic Scientific Services	Public Health Virology - Forensic and Scientific Services (PHV-FSS)	Mitchell Sullivan on behalf of Q-PHIRE Genomics	https://www.gisaid.org/	?	?	2024-06-10	?
hCoV-19/Australia/QLD0x0144DD/2024	betacoronavirus	EPI_ISL_19188041	?	2024-05-23	Oceania	Australia	Queensland		Oceania	Australia	Queensland	genome	29721	Human	unknown	unknown	?	KP.3.2	GRA	Pathology Queensland and Forensic Scientific Services	Public Health Virology - Forensic and Scientific Services (PHV-FSS)	Mitchell Sullivan on behalf of Q-PHIRE Genomics	https://www.gisaid.org/	?	?	2024-06-10	?
hCoV-19/Australia/QLD0x0144C1/2024	betacoronavirus	EPI_ISL_19188042	?	2024-05-16	Oceania	Australia	Queensland		Oceania	Australia	Queensland	genome	29721	Human	unknown	unknown	?	KP.3.2.1	GRA	Pathology Queensland and Forensic Scientific Services	Public Health Virology - Forensic and Scientific Services (PHV-FSS)	Mitchell Sullivan on behalf of Q-PHIRE Genomics	https://www.gisaid.org/	?	?	2024-06-10	?
hCoV-19/Australia/QLD0x0144F8/2024	betacoronavirus	EPI_ISL_19188043	?	2024-05-15	Oceania	Australia	Queensland		Oceania	Australia	Queensland	genome	29721	Human	unknown	unknown	?	JN.1.11	GRA	Pathology Queensland and Forensic Scientific Services	Public Health Virology - Forensic and Scientific Services (PHV-FSS)	Mitchell Sullivan on behalf of Q-PHIRE Genomics	https://www.gisaid.org/	?	?	2024-06-10	?
hCoV-19/Australia/QLD0x0144F9/2024	betacoronavirus	EPI_ISL_19188044	?	2024-05-20	Oceania	Australia	Queensland		Oceania	Australia	Queensland	genome	29665	Human	unknown	unknown	?	JN.1.11	GRA	Pathology Queensland and Forensic Scientific Services	Public Health Virology - Forensic and Scientific Services (PHV-FSS)	Mitchell Sullivan on behalf of Q-PHIRE Genomics	https://www.gisaid.org/	?	?	2024-06-10	?
hCoV-19/Australia/QLD0x0144DE/2024	betacoronavirus	EPI_ISL_19188045	?	2024-05-16	Oceania	Australia	Queensland		Oceania	Australia	Queensland	genome	29721	Human	unknown	unknown	?	JN.1.32	GRA	Pathology Queensland and Forensic Scientific Services	Public Health Virology - Forensic and Scientific Services (PHV-FSS)	Mitchell Sullivan on behalf of Q-PHIRE Genomics	https://www.gisaid.org/	?	?	2024-06-10	?
hCoV-19/Australia/QLD0x0144C2/2024	betacoronavirus	EPI_ISL_19188046	?	2024-05-20	Oceania	Australia	Queensland		Oceania	Australia	Queensland	genome	29721	Human	unknown	unknown	?	KP.3.2	GRA	Pathology Queensland and Forensic Scientific Services	Public Health Virology - Forensic and Scientific Services (PHV-FSS)	Mitchell Sullivan on behalf of Q-PHIRE Genomics	https://www.gisaid.org/	?	?	2024-06-10	?
hCoV-19/Australia/QLD0x0144C3/2024	betacoronavirus	EPI_ISL_19188047	?	2024-05-20	Oceania	Australia	Queensland		Oceania	Australia	Queensland	genome	29715	Human	unknown	unknown	?	KW.1.1	GRA	Pathology Queensland and Forensic Scientific Services	Public Health Virology - Forensic and Scientific Services (PHV-FSS)	Mitchell Sullivan on behalf of Q-PHIRE Genomics	https://www.gisaid.org/	?	?	2024-06-10	?
hCoV-19/Australia/QLD0x0144DF/2024	betacoronavirus	EPI_ISL_19188048	?	2024-05-17	Oceania	Australia	Queensland		Oceania	Australia	Queensland	genome	29724	Human	unknown	unknown	?	JN.1.11	GRA	Pathology Queensland and Forensic Scientific Services	Public Health Virology - Forensic and Scientific Services (PHV-FSS)	Mitchell Sullivan on behalf of Q-PHIRE Genomics	https://www.gisaid.org/	?	?	2024-06-10	?
hCoV-19/Australia/QLD0x014510/2024	betacoronavirus	EPI_ISL_19188049	?	2024-05-14	Oceania	Australia	Queensland		Oceania	Australia	Queensland	genome	29721	Human	unknown	unknown	?	JN.1.48.1	GRA	Mater Pathology, Mater Hospital Brisbane	Public Health Virology - Forensic and Scientific Services (PHV-FSS)	Mitchell Sullivan on behalf of Q-PHIRE Genomics	https://www.gisaid.org/	?	?	2024-06-10	?
hCoV-19/Australia/QLD0x0144C4/2024	betacoronavirus	EPI_ISL_19188050	?	2024-05-18	Oceania	Australia	Queensland		Oceania	Australia	Queensland	genome	29721	Human	unknown	unknown	?	KP.2.2	GRA	Pathology Queensland and Forensic Scientific Services	Public Health Virology - Forensic and Scientific Services (PHV-FSS)	Mitchell Sullivan on behalf of Q-PHIRE Genomics	https://www.gisaid.org/	?	?	2024-06-10	?
hCoV-19/Australia/QLD0x014511/2024	betacoronavirus	EPI_ISL_19188051	?	2024-05-16	Oceania	Australia	Queensland		Oceania	Australia	Queensland	genome	29721	Human	unknown	unknown	?	KP.3.3	GRA	Mater Pathology, Mater Hospital Brisbane	Public Health Virology - Forensic and Scientific Services (PHV-FSS)	Mitchell Sullivan on behalf of Q-PHIRE Genomics	https://www.gisaid.org/	?	?	2024-06-10	?
hCoV-19/Australia/QLD0x0144C5/2024	betacoronavirus	EPI_ISL_19188052	?	2024-05-18	Oceania	Australia	Queensland		Oceania	Australia	Queensland	genome	29721	Human	unknown	unknown	?	KP.1.1	GRA	Pathology Queensland and Forensic Scientific Services	Public Health Virology - Forensic and Scientific Services (PHV-FSS)	Mitchell Sullivan on behalf of Q-PHIRE Genomics	https://www.gisaid.org/	?	?	2024-06-10	?
hCoV-19/Australia/QLD0x014512/2024	betacoronavirus	EPI_ISL_19188053	?	2024-05-15	Oceania	Australia	Queensland		Oceania	Australia	Queensland	genome	29721	Human	unknown	unknown	?	JN.1.20	GRA	Mater Pathology, Mater Hospital Brisbane	Public Health Virology - Forensic and Scientific Services (PHV-FSS)	Mitchell Sullivan on behalf of Q-PHIRE Genomics	https://www.gisaid.org/	?	?	2024-06-10	?
hCoV-19/Australia/QLD0x0144C6/2024	betacoronavirus	EPI_ISL_19188054	?	2024-05-17	Oceania	Australia	Queensland		Oceania	Australia	Queensland	genome	29721	Human	unknown	unknown	?	KW.1.1	GRA	Pathology Queensland and Forensic Scientific Services	Public Health Virology - Forensic and Scientific Services (PHV-FSS)	Mitchell Sullivan on behalf of Q-PHIRE Genomics	https://www.gisaid.org/	?	?	2024-06-10	?
hCoV-19/Australia/QLD0x014513/2024	betacoronavirus	EPI_ISL_19188055	?	2024-05-15	Oceania	Australia	Queensland		Oceania	Australia	Queensland	genome	29721	Human	unknown	unknown	?	KP.3.1	GRA	Mater Pathology, Mater Hospital Brisbane	Public Health Virology - Forensic and Scientific Services (PHV-FSS)	Mitchell Sullivan on behalf of Q-PHIRE Genomics	https://www.gisaid.org/	?	?	2024-06-10	?
hCoV-19/Australia/QLD0x0144C7/2024	betacoronavirus	EPI_ISL_19188056	?	2024-05-20	Oceania	Australia	Queensland		Oceania	Australia	Queensland	genome	29724	Human	unknown	unknown	?	JN.1.11	GRA	Pathology Queensland and Forensic Scientific Services	Public Health Virology - Forensic and Scientific Services (PHV-FSS)	Mitchell Sullivan on behalf of Q-PHIRE Genomics	https://www.gisaid.org/	?	?	2024-06-10	?
hCoV-19/Australia/QLD0x014514/2024	betacoronavirus	EPI_ISL_19188057	?	2024-05-16	Oceania	Australia	Queensland		Oceania	Australia	Queensland	genome	29715	Human	unknown	unknown	?	KW.1	GRA	Mater Pathology, Mater Hospital Brisbane	Public Health Virology - Forensic and Scientific Services (PHV-FSS)	Mitchell Sullivan on behalf of Q-PHIRE Genomics	https://www.gisaid.org/	?	?	2024-06-10	?
hCoV-19/Australia/QLD0x014515/2024	betacoronavirus	EPI_ISL_19188058	?	2024-05-14	Oceania	Australia	Queensland		Oceania	Australia	Queensland	genome	29723	Human	unknown	unknown	?	JN.1.16	GRA	Mater Pathology, Mater Hospital Brisbane	Public Health Virology - Forensic and Scientific Services (PHV-FSS)	Mitchell Sullivan on behalf of Q-PHIRE Genomics	https://www.gisaid.org/	?	?	2024-06-10	?
hCoV-19/Australia/QLD0x0144C8/2024	betacoronavirus	EPI_ISL_19188059	?	2024-05-19	Oceania	Australia	Queensland		Oceania	Australia	Queensland	genome	29721	Human	unknown	unknown	?	KP.3.3	GRA	Pathology Queensland and Forensic Scientific Services	Public Health Virology - Forensic and Scientific Services (PHV-FSS)	Mitchell Sullivan on behalf of Q-PHIRE Genomics	https://www.gisaid.org/	?	?	2024-06-10	?
hCoV-19/Australia/QLD0x0144C9/2024	betacoronavirus	EPI_ISL_19188060	?	2024-05-15	Oceania	Australia	Queensland		Oceania	Australia	Queensland	genome	29721	Human	unknown	unknown	?	KP.3.2	GRA	Pathology Queensland and Forensic Scientific Services	Public Health Virology - Forensic and Scientific Services (PHV-FSS)	Mitchell Sullivan on behalf of Q-PHIRE Genomics	https://www.gisaid.org/	?	?	2024-06-10	?
hCoV-19/Australia/QLD0x014516/2024	betacoronavirus	EPI_ISL_19188061	?	2024-05-19	Oceania	Australia	Queensland		Oceania	Australia	Queensland	genome	29721	Human	unknown	unknown	?	JN.1.11	GRA	Mater Pathology, Mater Hospital Brisbane	Public Health Virology - Forensic and Scientific Services (PHV-FSS)	Mitchell Sullivan on behalf of Q-PHIRE Genomics	https://www.gisaid.org/	?	?	2024-06-10	?
hCoV-19/Australia/QLD0x0144FA/2024	betacoronavirus	EPI_ISL_19188062	?	2024-05-23	Oceania	Australia	Queensland		Oceania	Australia	Queensland	genome	29721	Human	unknown	unknown	?	KP.1.1	GRA	Pathology Queensland and Forensic Scientific Services	Public Health Virology - Forensic and Scientific Services (PHV-FSS)	Mitchell Sullivan on behalf of Q-PHIRE Genomics	https://www.gisaid.org/	?	?	2024-06-10	?
hCoV-19/Australia/QLD0x014517/2024	betacoronavirus	EPI_ISL_19188063	?	2024-05-20	Oceania	Australia	Queensland		Oceania	Australia	Queensland	genome	29718	Human	unknown	unknown	?	KP.2.3	GRA	Mater Pathology, Mater Hospital Brisbane	Public Health Virology - Forensic and Scientific Services (PHV-FSS)	Mitchell Sullivan on behalf of Q-PHIRE Genomics	https://www.gisaid.org/	?	?	2024-06-10	?
hCoV-19/Australia/QLD0x0144FB/2024	betacoronavirus	EPI_ISL_19188064	?	2024-05-16	Oceania	Australia	Queensland		Oceania	Australia	Queensland	genome	29721	Human	unknown	unknown	?	KW.1	GRA	Pathology Queensland and Forensic Scientific Services	Public Health Virology - Forensic and Scientific Services (PHV-FSS)	Mitchell Sullivan on behalf of Q-PHIRE Genomics	https://www.gisaid.org/	?	?	2024-06-10	?
hCoV-19/Australia/QLD0x0144E0/2024	betacoronavirus	EPI_ISL_19188065	?	2024-05-23	Oceania	Australia	Queensland		Oceania	Australia	Queensland	genome	29715	Human	unknown	unknown	?	LB.1	GRA	Pathology Queensland and Forensic Scientific Services	Public Health Virology - Forensic and Scientific Services (PHV-FSS)	Mitchell Sullivan on behalf of Q-PHIRE Genomics	https://www.gisaid.org/	?	?	2024-06-10	?
hCoV-19/Australia/QLD0x0144FC/2024	betacoronavirus	EPI_ISL_19188066	?	2024-05-15	Oceania	Australia	Queensland		Oceania	Australia	Queensland	genome	29715	Human	unknown	unknown	?	KP.2	GRA	Pathology Queensland and Forensic Scientific Services	Public Health Virology - Forensic and Scientific Services (PHV-FSS)	Mitchell Sullivan on behalf of Q-PHIRE Genomics	https://www.gisaid.org/	?	?	2024-06-10	?
hCoV-19/Australia/QLD0x0144FD/2024	betacoronavirus	EPI_ISL_19188067	?	2024-05-19	Oceania	Australia	Queensland		Oceania	Australia	Queensland	genome	29721	Human	unknown	unknown	?	KW.1.1	GRA	Pathology Queensland and Forensic Scientific Services	Public Health Virology - Forensic and Scientific Services (PHV-FSS)	Mitchell Sullivan on behalf of Q-PHIRE Genomics	https://www.gisaid.org/	?	?	2024-06-10	?
hCoV-19/Australia/QLD0x0144E1/2024	betacoronavirus	EPI_ISL_19188068	?	2024-05-19	Oceania	Australia	Queensland		Oceania	Australia	Queensland	genome	29718	Human	unknown	unknown	?	LB.1	GRA	Pathology Queensland and Forensic Scientific Services	Public Health Virology - Forensic and Scientific Services (PHV-FSS)	Mitchell Sullivan on behalf of Q-PHIRE Genomics	https://www.gisaid.org/	?	?	2024-06-10	?
hCoV-19/Australia/QLD0x0144FE/2024	betacoronavirus	EPI_ISL_19188069	?	2024-05-22	Oceania	Australia	Queensland		Oceania	Australia	Queensland	genome	29721	Human	unknown	unknown	?	KP.1.1	GRA	Pathology Queensland and Forensic Scientific Services	Public Health Virology - Forensic and Scientific Services (PHV-FSS)	Mitchell Sullivan on behalf of Q-PHIRE Genomics	https://www.gisaid.org/	?	?	2024-06-10	?
hCoV-19/Australia/QLD0x0144E2/2024	betacoronavirus	EPI_ISL_19188070	?	2024-05-23	Oceania	Australia	Queensland		Oceania	Australia	Queensland	genome	29701	Human	unknown	unknown	?	JN.1.11	GRA	Pathology Queensland and Forensic Scientific Services	Public Health Virology - Forensic and Scientific Services (PHV-FSS)	Mitchell Sullivan on behalf of Q-PHIRE Genomics	https://www.gisaid.org/	?	?	2024-06-10	?
hCoV-19/Australia/QLD0x0144FF/2024	betacoronavirus	EPI_ISL_19188071	?	2024-05-16	Oceania	Australia	Queensland		Oceania	Australia	Queensland	genome	29721	Human	unknown	unknown	?	JN.1.4.5	GRA	Pathology Queensland and Forensic Scientific Services	Public Health Virology - Forensic and Scientific Services (PHV-FSS)	Mitchell Sullivan on behalf of Q-PHIRE Genomics	https://www.gisaid.org/	?	?	2024-06-10	?
hCoV-19/Australia/QLD0x0144E3/2024	betacoronavirus	EPI_ISL_19188072	?	2024-05-19	Oceania	Australia	Queensland		Oceania	Australia	Queensland	genome	29721	Human	unknown	unknown	?	XDV.1	GRA	Pathology Queensland and Forensic Scientific Services	Public Health Virology - Forensic and Scientific Services (PHV-FSS)	Mitchell Sullivan on behalf of Q-PHIRE Genomics	https://www.gisaid.org/	?	?	2024-06-10	?
hCoV-19/Australia/QLD0x0144E4/2024	betacoronavirus	EPI_ISL_19188073	?	2024-05-17	Oceania	Australia	Queensland		Oceania	Australia	Queensland	genome	29721	Human	unknown	unknown	?	JN.1.28.1	GRA	Pathology Queensland and Forensic Scientific Services	Public Health Virology - Forensic and Scientific Services (PHV-FSS)	Mitchell Sullivan on behalf of Q-PHIRE Genomics	https://www.gisaid.org/	?	?	2024-06-10	?
hCoV-19/Australia/QLD0x0144E5/2024	betacoronavirus	EPI_ISL_19188074	?	2024-05-21	Oceania	Australia	Queensland		Oceania	Australia	Queensland	genome	29721	Human	unknown	unknown	?	KP.1.1.1	GRA	Pathology Queensland and Forensic Scientific Services	Public Health Virology - Forensic and Scientific Services (PHV-FSS)	Mitchell Sullivan on behalf of Q-PHIRE Genomics	https://www.gisaid.org/	?	?	2024-06-10	?
hCoV-19/Australia/QLD0x0144CA/2024	betacoronavirus	EPI_ISL_19188075	?	2024-05-18	Oceania	Australia	Queensland		Oceania	Australia	Queensland	genome	29721	Human	unknown	unknown	?	JN.1.16.1	GRA	Pathology Queensland and Forensic Scientific Services	Public Health Virology - Forensic and Scientific Services (PHV-FSS)	Mitchell Sullivan on behalf of Q-PHIRE Genomics	https://www.gisaid.org/	?	?	2024-06-10	?
hCoV-19/Australia/QLD0x014533/2024	betacoronavirus	EPI_ISL_19189278	?	2024-05-15	Oceania	Australia	Queensland		Oceania	Australia	Queensland	genome	29721	Human	unknown	unknown	?	KP.3	GRA	Pathology Queensland and Forensic Scientific Services	PHV-FSS	Son Nguyen on behalf of Q-PHIRE Genomics	https://www.gisaid.org/	?	?	2024-06-11	?
hCoV-19/Australia/QLD0x01454F/2024	betacoronavirus	EPI_ISL_19189279	?	2024-05-21	Oceania	Australia	Queensland		Oceania	Australia	Queensland	genome	29718	Human	unknown	unknown	?	KP.2.3	GRA	Pathology Queensland and Forensic Scientific Services	PHV-FSS	Son Nguyen on behalf of Q-PHIRE Genomics	https://www.gisaid.org/	?	?	2024-06-11	?
hCoV-19/Australia/QLD0x014534/2024	betacoronavirus	EPI_ISL_19189280	?	2024-05-10	Oceania	Australia	Queensland		Oceania	Australia	Queensland	genome	29720	Human	unknown	unknown	?	KP.3.2	GRA	Pathology Queensland and Forensic Scientific Services	PHV-FSS	Son Nguyen on behalf of Q-PHIRE Genomics	https://www.gisaid.org/	?	?	2024-06-11	?
hCoV-19/Australia/QLD0x01451A/2024	betacoronavirus	EPI_ISL_19189281	?	2024-05-16	Oceania	Australia	Queensland		Oceania	Australia	Queensland	genome	29717	Human	unknown	unknown	?	KP.2.3	GRA	Pathology Queensland and Forensic Scientific Services	PHV-FSS	Son Nguyen on behalf of Q-PHIRE Genomics	https://www.gisaid.org/	?	?	2024-06-11	?
hCoV-19/Australia/QLD0x014535/2024	betacoronavirus	EPI_ISL_19189282	?	2024-05-10	Oceania	Australia	Queensland		Oceania	Australia	Queensland	genome	29720	Human	unknown	unknown	?	KP.3.2	GRA	Pathology Queensland and Forensic Scientific Services	PHV-FSS	Son Nguyen on behalf of Q-PHIRE Genomics	https://www.gisaid.org/	?	?	2024-06-11	?
hCoV-19/Australia/QLD0x014536/2024	betacoronavirus	EPI_ISL_19189283	?	2024-05-08	Oceania	Australia	Queensland		Oceania	Australia	Queensland	genome	29721	Human	unknown	unknown	?	KW.1	GRA	Pathology Queensland and Forensic Scientific Services	PHV-FSS	Son Nguyen on behalf of Q-PHIRE Genomics	https://www.gisaid.org/	?	?	2024-06-11	?
hCoV-19/Australia/QLD0x01451B/2024	betacoronavirus	EPI_ISL_19189284	?	2024-05-11	Oceania	Australia	Queensland		Oceania	Australia	Queensland	genome	29721	Human	unknown	unknown	?	KP.2	GRA	Pathology Queensland and Forensic Scientific Services	PHV-FSS	Son Nguyen on behalf of Q-PHIRE Genomics	https://www.gisaid.org/	?	?	2024-06-11	?
hCoV-19/Australia/QLD0x01451C/2024	betacoronavirus	EPI_ISL_19189285	?	2024-05-16	Oceania	Australia	Queensland		Oceania	Australia	Queensland	genome	29721	Human	unknown	unknown	?	KP.3.2	GRA	Pathology Queensland and Forensic Scientific Services	PHV-FSS	Son Nguyen on behalf of Q-PHIRE Genomics	https://www.gisaid.org/	?	?	2024-06-11	?
hCoV-19/Australia/QLD0x014537/2024	betacoronavirus	EPI_ISL_19189286	?	2024-05-15	Oceania	Australia	Queensland		Oceania	Australia	Queensland	genome	29715	Human	unknown	unknown	?	JN.1.32.1	GRA	Pathology Queensland and Forensic Scientific Services	PHV-FSS	Son Nguyen on behalf of Q-PHIRE Genomics	https://www.gisaid.org/	?	?	2024-06-11	?
hCoV-19/Australia/QLD0x014538/2024	betacoronavirus	EPI_ISL_19189287	?	2024-05-15	Oceania	Australia	Queensland		Oceania	Australia	Queensland	genome	29721	Human	unknown	unknown	?	KP.3.2	GRA	Pathology Queensland and Forensic Scientific Services	PHV-FSS	Son Nguyen on behalf of Q-PHIRE Genomics	https://www.gisaid.org/	?	?	2024-06-11	?
hCoV-19/Australia/QLD0x01451D/2024	betacoronavirus	EPI_ISL_19189288	?	2024-05-15	Oceania	Australia	Queensland		Oceania	Australia	Queensland	genome	29720	Human	unknown	unknown	?	JN.1.16	GRA	Pathology Queensland and Forensic Scientific Services	PHV-FSS	Son Nguyen on behalf of Q-PHIRE Genomics	https://www.gisaid.org/	?	?	2024-06-11	?
hCoV-19/Australia/QLD0x014539/2024	betacoronavirus	EPI_ISL_19189289	?	2024-05-10	Oceania	Australia	Queensland		Oceania	Australia	Queensland	genome	29721	Human	unknown	unknown	?	KP.3.3	GRA	Pathology Queensland and Forensic Scientific Services	PHV-FSS	Son Nguyen on behalf of Q-PHIRE Genomics	https://www.gisaid.org/	?	?	2024-06-11	?
hCoV-19/Australia/QLD0x01451E/2024	betacoronavirus	EPI_ISL_19189290	?	2024-05-16	Oceania	Australia	Queensland		Oceania	Australia	Queensland	genome	29721	Human	unknown	unknown	?	LJ.1	GRA	Pathology Queensland and Forensic Scientific Services	PHV-FSS	Son Nguyen on behalf of Q-PHIRE Genomics	https://www.gisaid.org/	?	?	2024-06-11	?
hCoV-19/Australia/QLD0x01456A/2024	betacoronavirus	EPI_ISL_19189291	?	2024-05-16	Oceania	Australia	Queensland		Oceania	Australia	Queensland	genome	29698	Human	unknown	unknown	?	KP.3.1	GRA	Pathology Queensland and Forensic Scientific Services	PHV-FSS	Son Nguyen on behalf of Q-PHIRE Genomics	https://www.gisaid.org/	?	?	2024-06-11	?
hCoV-19/Australia/QLD0x01451F/2024	betacoronavirus	EPI_ISL_19189292	?	2024-05-08	Oceania	Australia	Queensland		Oceania	Australia	Queensland	genome	29721	Human	unknown	unknown	?	KP.3	GRA	Pathology Queensland and Forensic Scientific Services	PHV-FSS	Son Nguyen on behalf of Q-PHIRE Genomics	https://www.gisaid.org/	?	?	2024-06-11	?
hCoV-19/Australia/QLD0x01456B/2024	betacoronavirus	EPI_ISL_19189293	?	2024-05-15	Oceania	Australia	Queensland		Oceania	Australia	Queensland	genome	29724	Human	unknown	unknown	?	KW.1.1	GRA	Pathology Queensland and Forensic Scientific Services	PHV-FSS	Son Nguyen on behalf of Q-PHIRE Genomics	https://www.gisaid.org/	?	?	2024-06-11	?
hCoV-19/Australia/QLD0x014550/2024	betacoronavirus	EPI_ISL_19189294	?	2024-05-15	Oceania	Australia	Queensland		Oceania	Australia	Queensland	genome	29698	Human	unknown	unknown	?	KP.3.1	GRA	Pathology Queensland and Forensic Scientific Services	PHV-FSS	Son Nguyen on behalf of Q-PHIRE Genomics	https://www.gisaid.org/	?	?	2024-06-11	?
hCoV-19/Australia/QLD0x01456C/2024	betacoronavirus	EPI_ISL_19189295	?	2024-05-12	Oceania	Australia	Queensland		Oceania	Australia	Queensland	genome	29721	Human	unknown	unknown	?	KP.2	GRA	Pathology Queensland and Forensic Scientific Services	PHV-FSS	Son Nguyen on behalf of Q-PHIRE Genomics	https://www.gisaid.org/	?	?	2024-06-11	?
hCoV-19/Australia/QLD0x01456D/2024	betacoronavirus	EPI_ISL_19189296	?	2024-05-15	Oceania	Australia	Queensland		Oceania	Australia	Queensland	genome	29721	Human	unknown	unknown	?	JN.1	GRA	Pathology Queensland and Forensic Scientific Services	PHV-FSS	Son Nguyen on behalf of Q-PHIRE Genomics	https://www.gisaid.org/	?	?	2024-06-11	?
hCoV-19/Australia/QLD0x014551/2024	betacoronavirus	EPI_ISL_19189297	?	2024-05-10	Oceania	Australia	Queensland		Oceania	Australia	Queensland	genome	29721	Human	unknown	unknown	?	KW.1	GRA	Pathology Queensland and Forensic Scientific Services	PHV-FSS	Son Nguyen on behalf of Q-PHIRE Genomics	https://www.gisaid.org/	?	?	2024-06-11	?
hCoV-19/Australia/QLD0x01456E/2024	betacoronavirus	EPI_ISL_19189298	?	2024-05-10	Oceania	Australia	Queensland		Oceania	Australia	Queensland	genome	29721	Human	unknown	unknown	?	JN.1	GRA	Pathology Queensland and Forensic Scientific Services	PHV-FSS	Son Nguyen on behalf of Q-PHIRE Genomics	https://www.gisaid.org/	?	?	2024-06-11	?
hCoV-19/Australia/QLD0x014552/2024	betacoronavirus	EPI_ISL_19189299	?	2024-05-10	Oceania	Australia	Queensland		Oceania	Australia	Queensland	genome	29721	Human	unknown	unknown	?	KW.1	GRA	Pathology Queensland and Forensic Scientific Services	PHV-FSS	Son Nguyen on behalf of Q-PHIRE Genomics	https://www.gisaid.org/	?	?	2024-06-11	?
hCoV-19/Australia/QLD0x01456F/2024	betacoronavirus	EPI_ISL_19189300	?	2024-05-11	Oceania	Australia	Queensland		Oceania	Australia	Queensland	genome	29721	Human	unknown	unknown	?	JN.1.11	GRA	Pathology Queensland and Forensic Scientific Services	PHV-FSS	Son Nguyen on behalf of Q-PHIRE Genomics	https://www.gisaid.org/	?	?	2024-06-11	?
hCoV-19/Australia/QLD0x014553/2024	betacoronavirus	EPI_ISL_19189301	?	2024-05-15	Oceania	Australia	Queensland		Oceania	Australia	Queensland	genome	29721	Human	unknown	unknown	?	JN.1.48	GRA	Pathology Queensland and Forensic Scientific Services	PHV-FSS	Son Nguyen on behalf of Q-PHIRE Genomics	https://www.gisaid.org/	?	?	2024-06-11	?
hCoV-19/Australia/QLD0x014554/2024	betacoronavirus	EPI_ISL_19189302	?	2024-05-12	Oceania	Australia	Queensland		Oceania	Australia	Queensland	genome	29698	Human	unknown	unknown	?	JN.1.11	GRA	Pathology Queensland and Forensic Scientific Services	PHV-FSS	Son Nguyen on behalf of Q-PHIRE Genomics	https://www.gisaid.org/	?	?	2024-06-11	?
hCoV-19/Australia/QLD0x01453A/2024	betacoronavirus	EPI_ISL_19189303	?	2024-05-10	Oceania	Australia	Queensland		Oceania	Australia	Queensland	genome	29721	Human	unknown	unknown	?	KW.1.1	GRA	Pathology Queensland and Forensic Scientific Services	PHV-FSS	Son Nguyen on behalf of Q-PHIRE Genomics	https://www.gisaid.org/	?	?	2024-06-11	?
hCoV-19/Australia/QLD0x014555/2024	betacoronavirus	EPI_ISL_19189304	?	2024-05-20	Oceania	Australia	Queensland		Oceania	Australia	Queensland	genome	29721	Human	unknown	unknown	?	KW.1.1	GRA	Pathology Queensland and Forensic Scientific Services	PHV-FSS	Son Nguyen on behalf of Q-PHIRE Genomics	https://www.gisaid.org/	?	?	2024-06-11	?
hCoV-19/Australia/QLD0x014556/2024	betacoronavirus	EPI_ISL_19189305	?	2024-05-16	Oceania	Australia	Queensland		Oceania	Australia	Queensland	genome	29721	Human	unknown	unknown	?	KP.3.3	GRA	Pathology Queensland and Forensic Scientific Services	PHV-FSS	Son Nguyen on behalf of Q-PHIRE Genomics	https://www.gisaid.org/	?	?	2024-06-11	?
hCoV-19/Australia/QLD0x01453B/2024	betacoronavirus	EPI_ISL_19189306	?	2024-05-12	Oceania	Australia	Queensland		Oceania	Australia	Queensland	genome	29721	Human	unknown	unknown	?	JN.1	GRA	Pathology Queensland and Forensic Scientific Services	PHV-FSS	Son Nguyen on behalf of Q-PHIRE Genomics	https://www.gisaid.org/	?	?	2024-06-11	?
hCoV-19/Australia/QLD0x01453C/2024	betacoronavirus	EPI_ISL_19189307	?	2024-05-19	Oceania	Australia	Queensland		Oceania	Australia	Queensland	genome	29724	Human	unknown	unknown	?	KW.1.1	GRA	Pathology Queensland and Forensic Scientific Services	PHV-FSS	Son Nguyen on behalf of Q-PHIRE Genomics	https://www.gisaid.org/	?	?	2024-06-11	?
hCoV-19/Australia/QLD0x014520/2024	betacoronavirus	EPI_ISL_19189308	?	2024-05-16	Oceania	Australia	Queensland		Oceania	Australia	Queensland	genome	29712	Human	unknown	unknown	?	JN.1.11	GRA	Pathology Queensland and Forensic Scientific Services	PHV-FSS	Son Nguyen on behalf of Q-PHIRE Genomics	https://www.gisaid.org/	?	?	2024-06-11	?
hCoV-19/Australia/QLD0x014557/2024	betacoronavirus	EPI_ISL_19189309	?	2024-05-18	Oceania	Australia	Queensland		Oceania	Australia	Queensland	genome	29721	Human	unknown	unknown	?	KP.2	GRA	Pathology Queensland and Forensic Scientific Services	PHV-FSS	Son Nguyen on behalf of Q-PHIRE Genomics	https://www.gisaid.org/	?	?	2024-06-11	?
hCoV-19/Australia/QLD0x014558/2024	betacoronavirus	EPI_ISL_19189310	?	2024-05-12	Oceania	Australia	Queensland		Oceania	Australia	Queensland	genome	29721	Human	unknown	unknown	?	JN.1	GRA	Pathology Queensland and Forensic Scientific Services	PHV-FSS	Son Nguyen on behalf of Q-PHIRE Genomics	https://www.gisaid.org/	?	?	2024-06-11	?
hCoV-19/Australia/QLD0x014521/2024	betacoronavirus	EPI_ISL_19189311	?	2024-05-12	Oceania	Australia	Queensland		Oceania	Australia	Queensland	genome	29721	Human	unknown	unknown	?	JN.1.16	GRA	Pathology Queensland and Forensic Scientific Services	PHV-FSS	Son Nguyen on behalf of Q-PHIRE Genomics	https://www.gisaid.org/	?	?	2024-06-11	?
hCoV-19/Australia/QLD0x01453D/2024	betacoronavirus	EPI_ISL_19189312	?	2024-05-08	Oceania	Australia	Queensland		Oceania	Australia	Queensland	genome	29721	Human	unknown	unknown	?	JN.1.16.1	GRA	Pathology Queensland and Forensic Scientific Services	PHV-FSS	Son Nguyen on behalf of Q-PHIRE Genomics	https://www.gisaid.org/	?	?	2024-06-11	?
hCoV-19/Australia/QLD0x01453E/2024	betacoronavirus	EPI_ISL_19189313	?	2024-05-19	Oceania	Australia	Queensland		Oceania	Australia	Queensland	genome	29721	Human	unknown	unknown	?	KP.2	GRA	Pathology Queensland and Forensic Scientific Services	PHV-FSS	Son Nguyen on behalf of Q-PHIRE Genomics	https://www.gisaid.org/	?	?	2024-06-11	?
hCoV-19/Australia/QLD0x014559/2024	betacoronavirus	EPI_ISL_19189314	?	2024-05-19	Oceania	Australia	Queensland		Oceania	Australia	Queensland	genome	29721	Human	unknown	unknown	?	JN.1.16.1	GRA	Pathology Queensland and Forensic Scientific Services	PHV-FSS	Son Nguyen on behalf of Q-PHIRE Genomics	https://www.gisaid.org/	?	?	2024-06-11	?
hCoV-19/Australia/QLD0x014522/2024	betacoronavirus	EPI_ISL_19189315	?	2024-05-09	Oceania	Australia	Queensland		Oceania	Australia	Queensland	genome	29721	Human	unknown	unknown	?	KP.2.4	GRA	Pathology Queensland and Forensic Scientific Services	PHV-FSS	Son Nguyen on behalf of Q-PHIRE Genomics	https://www.gisaid.org/	?	?	2024-06-11	?
hCoV-19/Australia/QLD0x014523/2024	betacoronavirus	EPI_ISL_19189316	?	2024-05-10	Oceania	Australia	Queensland		Oceania	Australia	Queensland	genome	29730	Human	unknown	unknown	?	KW.1.1	GRA	Pathology Queensland and Forensic Scientific Services	PHV-FSS	Son Nguyen on behalf of Q-PHIRE Genomics	https://www.gisaid.org/	?	?	2024-06-11	?
hCoV-19/Australia/QLD0x01453F/2024	betacoronavirus	EPI_ISL_19189317	?	2024-05-08	Oceania	Australia	Queensland		Oceania	Australia	Queensland	genome	29721	Human	unknown	unknown	?	JN.1.16.1	GRA	Pathology Queensland and Forensic Scientific Services	PHV-FSS	Son Nguyen on behalf of Q-PHIRE Genomics	https://www.gisaid.org/	?	?	2024-06-11	?
hCoV-19/Australia/QLD0x014524/2024	betacoronavirus	EPI_ISL_19189318	?	2024-05-15	Oceania	Australia	Queensland		Oceania	Australia	Queensland	genome	29721	Human	unknown	unknown	?	KP.2.9	GRA	Pathology Queensland and Forensic Scientific Services	PHV-FSS	Son Nguyen on behalf of Q-PHIRE Genomics	https://www.gisaid.org/	?	?	2024-06-11	?
hCoV-19/Australia/QLD0x014525/2024	betacoronavirus	EPI_ISL_19189319	?	2024-05-14	Oceania	Australia	Queensland		Oceania	Australia	Queensland	genome	29721	Human	unknown	unknown	?	KP.3.3	GRA	Pathology Queensland and Forensic Scientific Services	PHV-FSS	Son Nguyen on behalf of Q-PHIRE Genomics	https://www.gisaid.org/	?	?	2024-06-11	?
hCoV-19/Australia/QLD0x014571/2024	betacoronavirus	EPI_ISL_19189320	?	2024-05-15	Oceania	Australia	Queensland		Oceania	Australia	Queensland	genome	29721	Human	unknown	unknown	?	KP.3	GRA	Pathology Queensland and Forensic Scientific Services	PHV-FSS	Son Nguyen on behalf of Q-PHIRE Genomics	https://www.gisaid.org/	?	?	2024-06-11	?
hCoV-19/Australia/QLD0x014526/2024	betacoronavirus	EPI_ISL_19189321	?	2024-05-14	Oceania	Australia	Queensland		Oceania	Australia	Queensland	genome	29724	Human	unknown	unknown	?	JN.1.11	GRA	Pathology Queensland and Forensic Scientific Services	PHV-FSS	Son Nguyen on behalf of Q-PHIRE Genomics	https://www.gisaid.org/	?	?	2024-06-11	?
hCoV-19/Australia/QLD0x014527/2024	betacoronavirus	EPI_ISL_19189322	?	2024-05-15	Oceania	Australia	Queensland		Oceania	Australia	Queensland	genome	29721	Human	unknown	unknown	?	KW.1.1	GRA	Pathology Queensland and Forensic Scientific Services	PHV-FSS	Son Nguyen on behalf of Q-PHIRE Genomics	https://www.gisaid.org/	?	?	2024-06-11	?
hCoV-19/Australia/QLD0x014572/2024	betacoronavirus	EPI_ISL_19189323	?	2024-05-16	Oceania	Australia	Queensland		Oceania	Australia	Queensland	genome	29721	Human	unknown	unknown	?	KP.3.2	GRA	Pathology Queensland and Forensic Scientific Services	PHV-FSS	Son Nguyen on behalf of Q-PHIRE Genomics	https://www.gisaid.org/	?	?	2024-06-11	?
hCoV-19/Australia/QLD0x014528/2024	betacoronavirus	EPI_ISL_19189324	?	2024-05-16	Oceania	Australia	Queensland		Oceania	Australia	Queensland	genome	29721	Human	unknown	unknown	?	KW.1	GRA	Pathology Queensland and Forensic Scientific Services	PHV-FSS	Son Nguyen on behalf of Q-PHIRE Genomics	https://www.gisaid.org/	?	?	2024-06-11	?
hCoV-19/Australia/QLD0x014573/2024	betacoronavirus	EPI_ISL_19189325	?	2024-05-25	Oceania	Australia	Queensland		Oceania	Australia	Queensland	genome	29721	Human	unknown	unknown	?	KP.3.2	GRA	Pathology Queensland and Forensic Scientific Services	PHV-FSS	Son Nguyen on behalf of Q-PHIRE Genomics	https://www.gisaid.org/	?	?	2024-06-11	?
hCoV-19/Australia/QLD0x014529/2024	betacoronavirus	EPI_ISL_19189326	?	2024-05-16	Oceania	Australia	Queensland		Oceania	Australia	Queensland	genome	29721	Human	unknown	unknown	?	JN.1.11	GRA	Pathology Queensland and Forensic Scientific Services	PHV-FSS	Son Nguyen on behalf of Q-PHIRE Genomics	https://www.gisaid.org/	?	?	2024-06-11	?
hCoV-19/Australia/QLD0x01455A/2024	betacoronavirus	EPI_ISL_19189327	?	2024-05-13	Oceania	Australia	Queensland		Oceania	Australia	Queensland	genome	29721	Human	unknown	unknown	?	JN.1.16.1	GRA	Pathology Queensland and Forensic Scientific Services	PHV-FSS	Son Nguyen on behalf of Q-PHIRE Genomics	https://www.gisaid.org/	?	?	2024-06-11	?
hCoV-19/Australia/QLD0x01455B/2024	betacoronavirus	EPI_ISL_19189328	?	2024-05-19	Oceania	Australia	Queensland		Oceania	Australia	Queensland	genome	29724	Human	unknown	unknown	?	JN.1.11	GRA	Pathology Queensland and Forensic Scientific Services	PHV-FSS	Son Nguyen on behalf of Q-PHIRE Genomics	https://www.gisaid.org/	?	?	2024-06-11	?
hCoV-19/Australia/QLD0x01455C/2024	betacoronavirus	EPI_ISL_19189329	?	2024-05-12	Oceania	Australia	Queensland		Oceania	Australia	Queensland	genome	29721	Human	unknown	unknown	?	KP.2	GRA	Pathology Queensland and Forensic Scientific Services	PHV-FSS	Son Nguyen on behalf of Q-PHIRE Genomics	https://www.gisaid.org/	?	?	2024-06-11	?
hCoV-19/Australia/QLD0x014540/2024	betacoronavirus	EPI_ISL_19189330	?	2024-05-23	Oceania	Australia	Queensland		Oceania	Australia	Queensland	genome	29721	Human	unknown	unknown	?	KP.1.1	GRA	Pathology Queensland and Forensic Scientific Services	PHV-FSS	Son Nguyen on behalf of Q-PHIRE Genomics	https://www.gisaid.org/	?	?	2024-06-11	?
hCoV-19/Australia/QLD0x01455D/2024	betacoronavirus	EPI_ISL_19189331	?	2024-05-15	Oceania	Australia	Queensland		Oceania	Australia	Queensland	genome	29721	Human	unknown	unknown	?	KP.2.9	GRA	Pathology Queensland and Forensic Scientific Services	PHV-FSS	Son Nguyen on behalf of Q-PHIRE Genomics	https://www.gisaid.org/	?	?	2024-06-11	?
hCoV-19/Australia/QLD0x014541/2024	betacoronavirus	EPI_ISL_19189332	?	2024-05-15	Oceania	Australia	Queensland		Oceania	Australia	Queensland	genome	29721	Human	unknown	unknown	?	JN.1.39.3	GRA	Pathology Queensland and Forensic Scientific Services	PHV-FSS	Son Nguyen on behalf of Q-PHIRE Genomics	https://www.gisaid.org/	?	?	2024-06-11	?
hCoV-19/Australia/QLD0x014542/2024	betacoronavirus	EPI_ISL_19189333	?	2024-05-11	Oceania	Australia	Queensland		Oceania	Australia	Queensland	genome	29721	Human	unknown	unknown	?	KW.1.1	GRA	Pathology Queensland and Forensic Scientific Services	PHV-FSS	Son Nguyen on behalf of Q-PHIRE Genomics	https://www.gisaid.org/	?	?	2024-06-11	?
hCoV-19/Australia/QLD0x01455E/2024	betacoronavirus	EPI_ISL_19189334	?	2024-05-19	Oceania	Australia	Queensland		Oceania	Australia	Queensland	genome	29719	Human	unknown	unknown	?	KP.3.3	GRA	Pathology Queensland and Forensic Scientific Services	PHV-FSS	Son Nguyen on behalf of Q-PHIRE Genomics	https://www.gisaid.org/	?	?	2024-06-11	?
hCoV-19/Australia/QLD0x01455F/2024	betacoronavirus	EPI_ISL_19189335	?	2024-05-19	Oceania	Australia	Queensland		Oceania	Australia	Queensland	genome	29721	Human	unknown	unknown	?	KP.3	GRA	Pathology Queensland and Forensic Scientific Services	PHV-FSS	Son Nguyen on behalf of Q-PHIRE Genomics	https://www.gisaid.org/	?	?	2024-06-11	?
hCoV-19/Australia/QLD0x014543/2024	betacoronavirus	EPI_ISL_19189336	?	2024-05-19	Oceania	Australia	Queensland		Oceania	Australia	Queensland	genome	29721	Human	unknown	unknown	?	JN.1.4	GRA	Pathology Queensland and Forensic Scientific Services	PHV-FSS	Son Nguyen on behalf of Q-PHIRE Genomics	https://www.gisaid.org/	?	?	2024-06-11	?
hCoV-19/Australia/QLD0x014544/2024	betacoronavirus	EPI_ISL_19189337	?	2024-05-04	Oceania	Australia	Queensland		Oceania	Australia	Queensland	genome	29721	Human	unknown	unknown	?	KW.1	GRA	Pathology Queensland and Forensic Scientific Services	PHV-FSS	Son Nguyen on behalf of Q-PHIRE Genomics	https://www.gisaid.org/	?	?	2024-06-11	?
hCoV-19/Australia/QLD0x014545/2024	betacoronavirus	EPI_ISL_19189338	?	2024-05-17	Oceania	Australia	Queensland		Oceania	Australia	Queensland	genome	29721	Human	unknown	unknown	?	KP.1.2	GRA	Pathology Queensland and Forensic Scientific Services	PHV-FSS	Son Nguyen on behalf of Q-PHIRE Genomics	https://www.gisaid.org/	?	?	2024-06-11	?
hCoV-19/Australia/QLD0x01452A/2024	betacoronavirus	EPI_ISL_19189339	?	2024-05-11	Oceania	Australia	Queensland		Oceania	Australia	Queensland	genome	29711	Human	unknown	unknown	?	JN.1.15	GRA	Pathology Queensland and Forensic Scientific Services	PHV-FSS	Son Nguyen on behalf of Q-PHIRE Genomics	https://www.gisaid.org/	?	?	2024-06-11	?
hCoV-19/Australia/QLD0x014546/2024	betacoronavirus	EPI_ISL_19189340	?	2024-05-19	Oceania	Australia	Queensland		Oceania	Australia	Queensland	genome	29697	Human	unknown	unknown	?	KP.3.3	GRA	Pathology Queensland and Forensic Scientific Services	PHV-FSS	Son Nguyen on behalf of Q-PHIRE Genomics	https://www.gisaid.org/	?	?	2024-06-11	?
hCoV-19/Australia/QLD0x01452B/2024	betacoronavirus	EPI_ISL_19189341	?	2024-05-15	Oceania	Australia	Queensland		Oceania	Australia	Queensland	genome	29721	Human	unknown	unknown	?	KR.1	GRA	Pathology Queensland and Forensic Scientific Services	PHV-FSS	Son Nguyen on behalf of Q-PHIRE Genomics	https://www.gisaid.org/	?	?	2024-06-11	?
hCoV-19/Australia/QLD0x01452C/2024	betacoronavirus	EPI_ISL_19189342	?	2024-05-16	Oceania	Australia	Queensland		Oceania	Australia	Queensland	genome	29721	Human	unknown	unknown	?	LJ.1	GRA	Pathology Queensland and Forensic Scientific Services	PHV-FSS	Son Nguyen on behalf of Q-PHIRE Genomics	https://www.gisaid.org/	?	?	2024-06-11	?
hCoV-19/Australia/QLD0x014547/2024	betacoronavirus	EPI_ISL_19189343	?	2024-05-14	Oceania	Australia	Queensland		Oceania	Australia	Queensland	genome	29721	Human	unknown	unknown	?	KW.1.1.1	GRA	Pathology Queensland and Forensic Scientific Services	PHV-FSS	Son Nguyen on behalf of Q-PHIRE Genomics	https://www.gisaid.org/	?	?	2024-06-11	?
hCoV-19/Australia/QLD0x01452D/2024	betacoronavirus	EPI_ISL_19189344	?	2024-05-16	Oceania	Australia	Queensland		Oceania	Australia	Queensland	genome	29724	Human	unknown	unknown	?	KP.3.1	GRA	Pathology Queensland and Forensic Scientific Services	PHV-FSS	Son Nguyen on behalf of Q-PHIRE Genomics	https://www.gisaid.org/	?	?	2024-06-11	?
hCoV-19/Australia/QLD0x014548/2024	betacoronavirus	EPI_ISL_19189345	?	2024-05-06	Oceania	Australia	Queensland		Oceania	Australia	Queensland	genome	29721	Human	unknown	unknown	?	JN.1.7	GRA	Pathology Queensland and Forensic Scientific Services	PHV-FSS	Son Nguyen on behalf of Q-PHIRE Genomics	https://www.gisaid.org/	?	?	2024-06-11	?
hCoV-19/Australia/QLD0x01452E/2024	betacoronavirus	EPI_ISL_19189346	?	2024-05-15	Oceania	Australia	Queensland		Oceania	Australia	Queensland	genome	29721	Human	unknown	unknown	?	KP.3.2	GRA	Pathology Queensland and Forensic Scientific Services	PHV-FSS	Son Nguyen on behalf of Q-PHIRE Genomics	https://www.gisaid.org/	?	?	2024-06-11	?
hCoV-19/Australia/QLD0x014549/2024	betacoronavirus	EPI_ISL_19189347	?	2024-05-10	Oceania	Australia	Queensland		Oceania	Australia	Queensland	genome	29721	Human	unknown	unknown	?	KP.2	GRA	Pathology Queensland and Forensic Scientific Services	PHV-FSS	Son Nguyen on behalf of Q-PHIRE Genomics	https://www.gisaid.org/	?	?	2024-06-11	?
hCoV-19/Australia/QLD0x01452F/2024	betacoronavirus	EPI_ISL_19189348	?	2024-05-15	Oceania	Australia	Queensland		Oceania	Australia	Queensland	genome	29718	Human	unknown	unknown	?	JN.1.32	GRA	Pathology Queensland and Forensic Scientific Services	PHV-FSS	Son Nguyen on behalf of Q-PHIRE Genomics	https://www.gisaid.org/	?	?	2024-06-11	?
hCoV-19/Australia/QLD0x014560/2024	betacoronavirus	EPI_ISL_19189349	?	2024-05-10	Oceania	Australia	Queensland		Oceania	Australia	Queensland	genome	29721	Human	unknown	unknown	?	KP.3	GRA	Pathology Queensland and Forensic Scientific Services	PHV-FSS	Son Nguyen on behalf of Q-PHIRE Genomics	https://www.gisaid.org/	?	?	2024-06-11	?
hCoV-19/Australia/QLD0x014561/2024	betacoronavirus	EPI_ISL_19189350	?	2024-05-10	Oceania	Australia	Queensland		Oceania	Australia	Queensland	genome	29721	Human	unknown	unknown	?	KW.1	GRA	Pathology Queensland and Forensic Scientific Services	PHV-FSS	Son Nguyen on behalf of Q-PHIRE Genomics	https://www.gisaid.org/	?	?	2024-06-11	?
hCoV-19/Australia/QLD0x014562/2024	betacoronavirus	EPI_ISL_19189351	?	2024-05-10	Oceania	Australia	Queensland		Oceania	Australia	Queensland	genome	29724	Human	unknown	unknown	?	KW.1	GRA	Pathology Queensland and Forensic Scientific Services	PHV-FSS	Son Nguyen on behalf of Q-PHIRE Genomics	https://www.gisaid.org/	?	?	2024-06-11	?
hCoV-19/Australia/QLD0x014563/2024	betacoronavirus	EPI_ISL_19189352	?	2024-05-19	Oceania	Australia	Queensland		Oceania	Australia	Queensland	genome	29721	Human	unknown	unknown	?	KP.3.1	GRA	Pathology Queensland and Forensic Scientific Services	PHV-FSS	Son Nguyen on behalf of Q-PHIRE Genomics	https://www.gisaid.org/	?	?	2024-06-11	?
hCoV-19/Australia/QLD0x014564/2024	betacoronavirus	EPI_ISL_19189353	?	2024-05-10	Oceania	Australia	Queensland		Oceania	Australia	Queensland	genome	29721	Human	unknown	unknown	?	KP.3	GRA	Pathology Queensland and Forensic Scientific Services	PHV-FSS	Son Nguyen on behalf of Q-PHIRE Genomics	https://www.gisaid.org/	?	?	2024-06-11	?
hCoV-19/Australia/QLD0x014519/2024	betacoronavirus	EPI_ISL_19189354	?	2024-05-12	Oceania	Australia	Queensland		Oceania	Australia	Queensland	genome	29718	Human	unknown	unknown	?	KP.1.1.3	GRA	Pathology Queensland and Forensic Scientific Services	PHV-FSS	Son Nguyen on behalf of Q-PHIRE Genomics	https://www.gisaid.org/	?	?	2024-06-11	?
hCoV-19/Australia/QLD0x01454A/2024	betacoronavirus	EPI_ISL_19189355	?	2024-05-17	Oceania	Australia	Queensland		Oceania	Australia	Queensland	genome	29721	Human	unknown	unknown	?	KP.4.2	GRA	Pathology Queensland and Forensic Scientific Services	PHV-FSS	Son Nguyen on behalf of Q-PHIRE Genomics	https://www.gisaid.org/	?	?	2024-06-11	?
hCoV-19/Australia/QLD0x014565/2024	betacoronavirus	EPI_ISL_19189356	?	2024-05-18	Oceania	Australia	Queensland		Oceania	Australia	Queensland	genome	29721	Human	unknown	unknown	?	KP.3.3	GRA	Pathology Queensland and Forensic Scientific Services	PHV-FSS	Son Nguyen on behalf of Q-PHIRE Genomics	https://www.gisaid.org/	?	?	2024-06-11	?
hCoV-19/Australia/QLD0x01454B/2024	betacoronavirus	EPI_ISL_19189357	?	2024-05-17	Oceania	Australia	Queensland		Oceania	Australia	Queensland	genome	29718	Human	unknown	unknown	?	KP.2.3	GRA	Pathology Queensland and Forensic Scientific Services	PHV-FSS	Son Nguyen on behalf of Q-PHIRE Genomics	https://www.gisaid.org/	?	?	2024-06-11	?
hCoV-19/Australia/QLD0x014566/2024	betacoronavirus	EPI_ISL_19189358	?	2024-05-15	Oceania	Australia	Queensland		Oceania	Australia	Queensland	genome	29719	Human	unknown	unknown	?	JN.1.13.1	GRA	Pathology Queensland	PHV-FSS	Son Nguyen on behalf of Q-PHIRE Genomics	https://www.gisaid.org/	?	?	2024-06-11	?
hCoV-19/Australia/QLD0x01454C/2024	betacoronavirus	EPI_ISL_19189359	?	2024-05-22	Oceania	Australia	Queensland		Oceania	Australia	Queensland	genome	29721	Human	unknown	unknown	?	KP.1.1	GRA	Pathology Queensland and Forensic Scientific Services	PHV-FSS	Son Nguyen on behalf of Q-PHIRE Genomics	https://www.gisaid.org/	?	?	2024-06-11	?
hCoV-19/Australia/QLD0x014530/2024	betacoronavirus	EPI_ISL_19189360	?	2024-05-16	Oceania	Australia	Queensland		Oceania	Australia	Queensland	genome	29721	Human	unknown	unknown	?	KP.3.2	GRA	Pathology Queensland and Forensic Scientific Services	PHV-FSS	Son Nguyen on behalf of Q-PHIRE Genomics	https://www.gisaid.org/	?	?	2024-06-11	?
hCoV-19/Australia/QLD0x014567/2024	betacoronavirus	EPI_ISL_19189361	?	2024-05-15	Oceania	Australia	Queensland		Oceania	Australia	Queensland	genome	29721	Human	unknown	unknown	?	KP.2	GRA	Pathology Queensland and Forensic Scientific Services	PHV-FSS	Son Nguyen on behalf of Q-PHIRE Genomics	https://www.gisaid.org/	?	?	2024-06-11	?
hCoV-19/Australia/QLD0x014568/2024	betacoronavirus	EPI_ISL_19189362	?	2024-05-18	Oceania	Australia	Queensland		Oceania	Australia	Queensland	genome	29721	Human	unknown	unknown	?	KP.2	GRA	Pathology Queensland and Forensic Scientific Services	PHV-FSS	Son Nguyen on behalf of Q-PHIRE Genomics	https://www.gisaid.org/	?	?	2024-06-11	?
hCoV-19/Australia/QLD0x01454D/2024	betacoronavirus	EPI_ISL_19189363	?	2024-05-15	Oceania	Australia	Queensland		Oceania	Australia	Queensland	genome	29721	Human	unknown	unknown	?	JN.1	GRA	Pathology Queensland and Forensic Scientific Services	PHV-FSS	Son Nguyen on behalf of Q-PHIRE Genomics	https://www.gisaid.org/	?	?	2024-06-11	?
hCoV-19/Australia/QLD0x014531/2024	betacoronavirus	EPI_ISL_19189364	?	2024-05-15	Oceania	Australia	Queensland		Oceania	Australia	Queensland	genome	29721	Human	unknown	unknown	?	LF.1	GRA	Pathology Queensland and Forensic Scientific Services	PHV-FSS	Son Nguyen on behalf of Q-PHIRE Genomics	https://www.gisaid.org/	?	?	2024-06-11	?
hCoV-19/Australia/QLD0x01454E/2024	betacoronavirus	EPI_ISL_19189365	?	2024-05-23	Oceania	Australia	Queensland		Oceania	Australia	Queensland	genome	29721	Human	unknown	unknown	?	LA.1	GRA	Pathology Queensland and Forensic Scientific Services	PHV-FSS	Son Nguyen on behalf of Q-PHIRE Genomics	https://www.gisaid.org/	?	?	2024-06-11	?
hCoV-19/Australia/QLD0x014532/2024	betacoronavirus	EPI_ISL_19189366	?	2024-05-11	Oceania	Australia	Queensland		Oceania	Australia	Queensland	genome	29721	Human	unknown	unknown	?	KR.1	GRA	Pathology Queensland and Forensic Scientific Services	PHV-FSS	Son Nguyen on behalf of Q-PHIRE Genomics	https://www.gisaid.org/	?	?	2024-06-11	?
hCoV-19/Australia/QLD0x014569/2024	betacoronavirus	EPI_ISL_19189367	?	2024-05-11	Oceania	Australia	Queensland		Oceania	Australia	Queensland	genome	29720	Human	unknown	unknown	?	JN.1.16	GRA	Pathology Queensland and Forensic Scientific Services	PHV-FSS	Son Nguyen on behalf of Q-PHIRE Genomics	https://www.gisaid.org/	?	?	2024-06-11	?
